{
  "epochs": 100,
  "train_loss_history": [
    1.2097636063893635,
    1.1684578657150269,
    1.12992525100708,
    1.0979002714157104,
    1.0520819028218586,
    1.006745179494222,
    0.9738352100054423,
    0.9256247480710348,
    0.8963549534479777,
    0.8512428005536398,
    0.8070834875106812,
    0.7780231833457947,
    0.7398146192232767,
    0.7114891608556112,
    0.6817276279131571,
    0.6539412140846252,
    0.6351239283879598,
    0.6070725123087565,
    0.5878211061159769,
    0.5600326061248779,
    0.546292801698049,
    0.5372573534647623,
    0.5216808319091797,
    0.5083080232143402,
    0.4876529971758525,
    0.4758960505326589,
    0.4735870162645976,
    0.4569045702616374,
    0.45702677965164185,
    0.43993061780929565,
    0.43055572112401325,
    0.43293888370196026,
    0.4109655022621155,
    0.4101612865924835,
    0.4083620409170787,
    0.39918715755144757,
    0.3846454620361328,
    0.37932496269543964,
    0.37560755014419556,
    0.3807573119799296,
    0.3760036925474803,
    0.3606265385945638,
    0.35278093814849854,
    0.3727434774239858,
    0.3582074046134949,
    0.36026516556739807,
    0.35256269574165344,
    0.353049635887146,
    0.33772674202919006,
    0.3340456783771515,
    0.3341834743817647,
    0.34043702483177185,
    0.3312838872273763,
    0.34360379974047345,
    0.3329196671644847,
    0.3315139412879944,
    0.32758404811223346,
    0.3271658917268117,
    0.32775480548540753,
    0.33064685265223187,
    0.3220047652721405,
    0.32292383909225464,
    0.3207785487174988,
    0.329114298025767,
    0.32371871670087177,
    0.32170334458351135,
    0.3173653284708659,
    0.33037729064623517,
    0.315308819214503,
    0.3241298794746399,
    0.3183877468109131,
    0.319106121857961,
    0.31429357330004376,
    0.3221568961938222,
    0.31760796904563904,
    0.3072071969509125,
    0.3112152914206187,
    0.3150019645690918,
    0.30792240301767987,
    0.31419012943903607,
    0.3113582928975423,
    0.3030775189399719,
    0.30637112259864807,
    0.3113294541835785,
    0.31352131565411884,
    0.3020189702510834,
    0.3087539275487264,
    0.3073734740416209,
    0.30243438482284546,
    0.3050057391325633,
    0.3068324526151021,
    0.3146328230698903,
    0.30371896425882977,
    0.3041362961133321,
    0.2992814779281616,
    0.30995118618011475,
    0.30190396308898926,
    0.29870104789733887,
    0.2966691056887309,
    0.30480725566546124
  ],
  "val_loss_history": [],
  "best_val_loss": Infinity,
  "elapsed_seconds": 46.138718128204346,
  "tensorboard_log_dir": "output/tensorboard_logs"
}